run_name,steps,nfe,fid,time_per_image,images_per_second
rank16_854257,10,10,41.5692,0.01027,97.4
rank16_854257,25,25,27.5569,0.02576,38.82
rank16_854257,50,50,25.5948,0.05158,19.39
rank8_854256,10,10,45.0349,0.01068,93.61
rank8_854256,25,25,27.8458,0.02681,37.3
rank8_854256,50,50,24.8623,0.05365,18.64
rank64_854276,10,10,33.5802,0.01062,94.14
rank64_854276,25,25,25.0593,0.02694,37.12
rank64_854276,50,50,24.7132,0.05403,18.51
rank32_854274,10,10,42.5208,0.01033,96.8
rank32_854274,25,25,27.4571,0.02599,38.48
rank32_854274,50,50,25.5279,0.05212,19.19
rank128_854284,10,10,43.0994,0.01063,94.03
rank128_854284,25,25,26.87,0.0268,37.31
rank128_854284,50,50,24.6537,0.05358,18.66
full_ft_853382,10,10,96.8716,0.01035,96.66
full_ft_853382,25,25,46.5477,0.02595,38.54
full_ft_853382,50,50,34.9647,0.05195,19.25
rank4_854223,10,10,46.562,0.01064,94.03
rank4_854223,25,25,28.1026,0.02681,37.29
rank4_854223,50,50,24.8575,0.0537,18.62
