variant,lora_rank,nfe,fid,time_per_image_s,images_per_sec,notes
lora_rank4,4,10,66.6676,0.01155,86.60,LoRA rank=4 all layers
lora_rank4,4,25,50.7089,0.02915,34.31,LoRA rank=4 all layers
lora_rank4,4,50,46.8397,0.05855,17.08,LoRA rank=4 all layers
lora_rank8,8,10,66.8714,0.01159,86.32,LoRA rank=8 all layers
lora_rank8,8,25,50.9649,0.02903,34.44,LoRA rank=8 all layers
lora_rank8,8,50,47.0566,0.05811,17.21,LoRA rank=8 all layers
lora_rank16,16,10,66.5464,0.01177,84.95,LoRA rank=16 all layers
lora_rank16,16,25,50.4788,0.02958,33.81,LoRA rank=16 all layers
lora_rank16,16,50,46.5277,0.05917,16.90,LoRA rank=16 all layers
lora_rank32,32,10,66.8081,0.01178,84.90,LoRA rank=32 all layers
lora_rank32,32,25,50.5813,0.02929,34.14,LoRA rank=32 all layers
lora_rank32,32,50,46.3299,0.05858,17.07,LoRA rank=32 all layers
lora_rank64,64,10,66.4020,0.01196,83.62,LoRA rank=64 all layers
lora_rank64,64,25,50.1775,0.03013,33.19,LoRA rank=64 all layers
lora_rank64,64,50,46.0352,0.06043,16.55,LoRA rank=64 all layers
lora_rank128,128,10,65.6178,0.01239,80.71,LoRA rank=128 all layers
lora_rank128,128,25,49.7622,0.03109,32.17,LoRA rank=128 all layers
lora_rank128,128,50,45.7570,0.06227,16.06,LoRA rank=128 all layers
full_ft,full,10,61.8971,0.00849,117.78,Full fine-tuning (no LoRA)
full_ft,full,25,48.0010,0.02134,46.85,Full fine-tuning (no LoRA)
full_ft,full,50,44.4245,0.04287,23.33,Full fine-tuning (no LoRA)
