run_name,sampler,steps,nfe,fid,time_per_image,images_per_second
ddpm_853268,ddim,2,2,237.0774,0.00213,469.70
ddpm_853268,ddim,4,4,74.6178,0.00407,245.40
ddpm_853268,ddim,10,10,29.9521,0.01033,96.76
ddpm_853268,ddim,25,25,22.3153,0.02589,38.62
ddpm_853268,ddim,50,50,21.3021,0.05198,19.24
ddpm_853268,ddim,100,100,21.6954,0.10406,9.61
ddpm_853268,ddim,250,250,22.3839,0.25933,3.86
naive_transfer_853102,,2,2,462.7037,0.0021,475.76
naive_transfer_853102,,4,4,462.6602,0.00408,245.13
naive_transfer_853102,,10,10,461.8495,0.01034,96.73
naive_transfer_853102,,25,25,461.5029,0.02597,38.51
naive_transfer_853102,,50,50,461.3824,0.05207,19.21
naive_transfer_853102,,100,100,461.3169,0.10429,9.59
fm_853101,,2,2,187.2398,0.00214,468.37
fm_853101,,4,4,75.3885,0.00415,240.82
fm_853101,,10,10,30.5979,0.01061,94.28
fm_853101,,25,25,21.8021,0.02673,37.42
fm_853101,,50,50,20.6279,0.05351,18.69
fm_853101,,100,100,20.7843,0.10705,9.34
alignment_only_853103,,2,2,209.2463,0.00217,460.67
alignment_only_853103,,4,4,90.0449,0.00413,242.0
alignment_only_853103,,10,10,38.659,0.01042,96.0
alignment_only_853103,,25,25,28.7515,0.0261,38.31
alignment_only_853103,,50,50,27.5729,0.05222,19.15
alignment_only_853103,,100,100,27.8026,0.10451,9.57
